{
  "ProjectName": "Aulas",
  "DLSVersion_LastSaved": "2.1.6",
  "DLSVersion_EarliestCompatible": "2.0.0",
  "CreationTime": "2025-11-04T14:47:48.816-03:00",
  "LastSaveTime": "2025-11-04T15:17:13.349-03:00",
  "Prefs_MainPinNamesDisplayMode": 0,
  "Prefs_ChipPinNamesDisplayMode": 0,
  "Prefs_GridDisplayMode": 1,
  "Prefs_Snapping": 0,
  "Prefs_StraightWires": 0,
  "Prefs_SimPaused": false,
  "Prefs_SimTargetStepsPerSecond": 1000,
  "Prefs_SimStepsPerClockTick": 250,
  "AllCustomChipNames":[
    "NOT",
    "AND",
    "OR",
    "NOR",
    "XOR",
    "XNOR",
    "half-adder",
    "full-adder",
    "SOMA 4"
  ],
  "StarredList":[
    {
      "Name":"IN/OUT",
      "IsCollection":true
    },
    {
      "Name":"BasicGates",
      "IsCollection":true
    },
    {
      "Name":"MERGE/SPLIT",
      "IsCollection":true
    },
    {
      "Name":"half-adder",
      "IsCollection":false
    },
    {
      "Name":"full-adder",
      "IsCollection":false
    },
    {
      "Name":"SOMA 4",
      "IsCollection":false
    }
  ],
  "ChipCollections":[
    {
      "Chips":["CLOCK","PULSE","KEY","3-STATE BUFFER"],
      "IsToggledOpen":true,
      "Name":"BASIC"
    },
    {
      "Chips":["IN-1","IN-4","IN-8","OUT-1","OUT-4","OUT-8"],
      "IsToggledOpen":false,
      "Name":"IN/OUT"
    },
    {
      "Chips":["1-4BIT","1-8BIT","4-8BIT","4-1BIT","8-4BIT","8-1BIT"],
      "IsToggledOpen":false,
      "Name":"MERGE/SPLIT"
    },
    {
      "Chips":["BUS-1","BUS-4","BUS-8"],
      "IsToggledOpen":false,
      "Name":"BUS"
    },
    {
      "Chips":["7-SEGMENT","DOT DISPLAY","RGB DISPLAY","LED"],
      "IsToggledOpen":false,
      "Name":"DISPLAY"
    },
    {
      "Chips":["ROM 256×16"],
      "IsToggledOpen":false,
      "Name":"MEMORY"
    },
    {
      "Chips":["BUZZER","half-adder","full-adder"],
      "IsToggledOpen":true,
      "Name":"OTHER"
    },
    {
      "Chips":["NAND","AND","OR","NOR","XOR","XNOR","NOT"],
      "IsToggledOpen":true,
      "Name":"BasicGates"
    }
  ]
}