{
  "DLSVersion": "2.1.6",
  "Name": "full-adder",
  "NameLocation": 0,
  "ChipType": 0,
  "Size": {
    "x": 1.625,
    "y": 0.75
  },
  "Colour": {
    "r": 0.295356572,
    "g": 0.268531561,
    "b": 0.6254415,
    "a": 1
  },
  "InputPins":[
    {
      "Name":"1 bit",
      "ID":5028562,
      "Position":{
        "x":-7.04861,
        "y":3.0
      },
      "BitCount":1,
      "Colour":0,
      "ValueDisplayMode":0
    },
    {
      "Name":"1 bit",
      "ID":1753860959,
      "Position":{
        "x":-7.04861,
        "y":2.485
      },
      "BitCount":1,
      "Colour":0,
      "ValueDisplayMode":0
    },
    {
      "Name":"CARRY IN",
      "ID":387283015,
      "Position":{
        "x":-7.0625,
        "y":1.65056
      },
      "BitCount":1,
      "Colour":0,
      "ValueDisplayMode":0
    }
  ],
  "OutputPins":[
    {
      "Name":"SOMA",
      "ID":124597409,
      "Position":{
        "x":7.0625,
        "y":3.00694
      },
      "BitCount":1,
      "Colour":0,
      "ValueDisplayMode":0
    },
    {
      "Name":"CARRY",
      "ID":1170738139,
      "Position":{
        "x":7.22917,
        "y":1.53361
      },
      "BitCount":1,
      "Colour":0,
      "ValueDisplayMode":0
    }
  ],
  "SubChips":[
    {
      "Name":"half-adder",
      "ID":984729924,
      "Label":"",
      "Position":{
        "x":-3.04167,
        "y":2.86111
      },
      "OutputPinColourInfo":[{"PinColour":0,"PinID":898152696},{"PinColour":0,"PinID":1055666481}],
      "InternalData":null
    },
    {
      "Name":"half-adder",
      "ID":1369171216,
      "Label":"",
      "Position":{
        "x":2.11111,
        "y":2.83528
      },
      "OutputPinColourInfo":[{"PinColour":0,"PinID":898152696},{"PinColour":0,"PinID":1055666481}],
      "InternalData":null
    },
    {
      "Name":"OR",
      "ID":1087790785,
      "Label":"",
      "Position":{
        "x":4.61111,
        "y":1.51389
      },
      "OutputPinColourInfo":[{"PinColour":0,"PinID":1502866720}],
      "InternalData":null
    }
  ],
  "Wires":[
    {
      "SourcePinAddress":{
        "PinID":1055666481,
        "PinOwnerID":984729924
      },
      "TargetPinAddress":{
        "PinID":416398983,
        "PinOwnerID":1087790785
      },
      "ConnectionType":0,
      "ConnectedWireIndex":-1,
      "ConnectedWireSegmentIndex":-1,
      "Points":[{"x":0.0,"y":0.0},{"x":0.0,"y":0.0}]
    },
    {
      "SourcePinAddress":{
        "PinID":1055666481,
        "PinOwnerID":1369171216
      },
      "TargetPinAddress":{
        "PinID":2115734901,
        "PinOwnerID":1087790785
      },
      "ConnectionType":0,
      "ConnectedWireIndex":-1,
      "ConnectedWireSegmentIndex":-1,
      "Points":[{"x":0.0,"y":0.0},{"x":0.0,"y":0.0}]
    },
    {
      "SourcePinAddress":{
        "PinID":1502866720,
        "PinOwnerID":1087790785
      },
      "TargetPinAddress":{
        "PinID":0,
        "PinOwnerID":1170738139
      },
      "ConnectionType":0,
      "ConnectedWireIndex":-1,
      "ConnectedWireSegmentIndex":-1,
      "Points":[{"x":0.0,"y":0.0},{"x":0.0,"y":0.0}]
    },
    {
      "SourcePinAddress":{
        "PinID":0,
        "PinOwnerID":5028562
      },
      "TargetPinAddress":{
        "PinID":1879928163,
        "PinOwnerID":984729924
      },
      "ConnectionType":0,
      "ConnectedWireIndex":-1,
      "ConnectedWireSegmentIndex":-1,
      "Points":[{"x":0.0,"y":0.0},{"x":0.0,"y":0.0}]
    },
    {
      "SourcePinAddress":{
        "PinID":0,
        "PinOwnerID":1753860959
      },
      "TargetPinAddress":{
        "PinID":2050209378,
        "PinOwnerID":984729924
      },
      "ConnectionType":0,
      "ConnectedWireIndex":-1,
      "ConnectedWireSegmentIndex":-1,
      "Points":[{"x":0.0,"y":0.0},{"x":-3.97222,"y":2.67361},{"x":0.0,"y":0.0}]
    },
    {
      "SourcePinAddress":{
        "PinID":898152696,
        "PinOwnerID":984729924
      },
      "TargetPinAddress":{
        "PinID":1879928163,
        "PinOwnerID":1369171216
      },
      "ConnectionType":0,
      "ConnectedWireIndex":-1,
      "ConnectedWireSegmentIndex":-1,
      "Points":[{"x":0.0,"y":0.0},{"x":0.0,"y":0.0}]
    },
    {
      "SourcePinAddress":{
        "PinID":0,
        "PinOwnerID":387283015
      },
      "TargetPinAddress":{
        "PinID":2050209378,
        "PinOwnerID":1369171216
      },
      "ConnectionType":0,
      "ConnectedWireIndex":-1,
      "ConnectedWireSegmentIndex":-1,
      "Points":[{"x":0.0,"y":0.0},{"x":0.0,"y":0.0}]
    },
    {
      "SourcePinAddress":{
        "PinID":898152696,
        "PinOwnerID":1369171216
      },
      "TargetPinAddress":{
        "PinID":0,
        "PinOwnerID":124597409
      },
      "ConnectionType":0,
      "ConnectedWireIndex":-1,
      "ConnectedWireSegmentIndex":-1,
      "Points":[{"x":0.0,"y":0.0},{"x":0.0,"y":0.0}]
    }
  ],
  "Displays": null
}