{
  "DLSVersion": "2.1.6",
  "Name": "NOT",
  "NameLocation": 0,
  "ChipType": 0,
  "Size": {
    "x": 0.575,
    "y": 0.375
  },
  "Colour": {
    "r": 0.2364738,
    "g": 0.15896593,
    "b": 0.258419722,
    "a": 1
  },
  "InputPins":[
    {
      "Name":"IN",
      "ID":1048121310,
      "Position":{
        "x":-5.75,
        "y":1.9375
      },
      "BitCount":1,
      "Colour":0,
      "ValueDisplayMode":0
    }
  ],
  "OutputPins":[
    {
      "Name":"OUT",
      "ID":136425010,
      "Position":{
        "x":0.0,
        "y":1.9375
      },
      "BitCount":1,
      "Colour":0,
      "ValueDisplayMode":0
    }
  ],
  "SubChips":[
    {
      "Name":"NAND",
      "ID":527198484,
      "Label":"",
      "Position":{
        "x":-2.70139,
        "y":1.94444
      },
      "OutputPinColourInfo":[{"PinColour":0,"PinID":2}],
      "InternalData":null
    }
  ],
  "Wires":[
    {
      "SourcePinAddress":{
        "PinID":0,
        "PinOwnerID":1048121310
      },
      "TargetPinAddress":{
        "PinID":0,
        "PinOwnerID":527198484
      },
      "ConnectionType":0,
      "ConnectedWireIndex":-1,
      "ConnectedWireSegmentIndex":-1,
      "Points":[{"x":0.0,"y":0.0},{"x":0.0,"y":0.0}]
    },
    {
      "SourcePinAddress":{
        "PinID":0,
        "PinOwnerID":1048121310
      },
      "TargetPinAddress":{
        "PinID":1,
        "PinOwnerID":527198484
      },
      "ConnectionType":0,
      "ConnectedWireIndex":-1,
      "ConnectedWireSegmentIndex":-1,
      "Points":[{"x":0.0,"y":0.0},{"x":0.0,"y":0.0}]
    },
    {
      "SourcePinAddress":{
        "PinID":2,
        "PinOwnerID":527198484
      },
      "TargetPinAddress":{
        "PinID":0,
        "PinOwnerID":136425010
      },
      "ConnectionType":0,
      "ConnectedWireIndex":-1,
      "ConnectedWireSegmentIndex":-1,
      "Points":[{"x":0.0,"y":0.0},{"x":0.0,"y":0.0}]
    }
  ],
  "Displays": null
}