{
  "DLSVersion": "2.1.6",
  "Name": "OR",
  "NameLocation": 0,
  "ChipType": 0,
  "Size": {
    "x": 0.425,
    "y": 0.5
  },
  "Colour": {
    "r": 0.522488654,
    "g": 0.732452,
    "b": 0.5631459,
    "a": 1
  },
  "InputPins":[
    {
      "Name":"A",
      "ID":2115734901,
      "Position":{
        "x":-4.6875,
        "y":2.01389
      },
      "BitCount":1,
      "Colour":0,
      "ValueDisplayMode":0
    },
    {
      "Name":"B",
      "ID":416398983,
      "Position":{
        "x":-4.65278,
        "y":1.15167
      },
      "BitCount":1,
      "Colour":0,
      "ValueDisplayMode":0
    }
  ],
  "OutputPins":[
    {
      "Name":"OUT",
      "ID":1502866720,
      "Position":{
        "x":3.97917,
        "y":1.6227799999999999
      },
      "BitCount":1,
      "Colour":0,
      "ValueDisplayMode":0
    }
  ],
  "SubChips":[
    {
      "Name":"NOT",
      "ID":826562546,
      "Label":"",
      "Position":{
        "x":-2.375,
        "y":2.01389
      },
      "OutputPinColourInfo":[{"PinColour":0,"PinID":136425010}],
      "InternalData":null
    },
    {
      "Name":"NOT",
      "ID":1816438376,
      "Label":"",
      "Position":{
        "x":-2.38889,
        "y":1.14583
      },
      "OutputPinColourInfo":[{"PinColour":0,"PinID":136425010}],
      "InternalData":null
    },
    {
      "Name":"NOT",
      "ID":1667768523,
      "Label":"",
      "Position":{
        "x":1.39583,
        "y":1.63889
      },
      "OutputPinColourInfo":[{"PinColour":0,"PinID":136425010}],
      "InternalData":null
    },
    {
      "Name":"AND",
      "ID":1586602937,
      "Label":"",
      "Position":{
        "x":-0.49306,
        "y":1.63889
      },
      "OutputPinColourInfo":[{"PinColour":0,"PinID":308917370}],
      "InternalData":null
    }
  ],
  "Wires":[
    {
      "SourcePinAddress":{
        "PinID":0,
        "PinOwnerID":2115734901
      },
      "TargetPinAddress":{
        "PinID":1048121310,
        "PinOwnerID":826562546
      },
      "ConnectionType":0,
      "ConnectedWireIndex":-1,
      "ConnectedWireSegmentIndex":-1,
      "Points":[{"x":0.0,"y":0.0},{"x":0.0,"y":0.0}]
    },
    {
      "SourcePinAddress":{
        "PinID":0,
        "PinOwnerID":416398983
      },
      "TargetPinAddress":{
        "PinID":1048121310,
        "PinOwnerID":1816438376
      },
      "ConnectionType":0,
      "ConnectedWireIndex":-1,
      "ConnectedWireSegmentIndex":-1,
      "Points":[{"x":0.0,"y":0.0},{"x":0.0,"y":0.0}]
    },
    {
      "SourcePinAddress":{
        "PinID":136425010,
        "PinOwnerID":826562546
      },
      "TargetPinAddress":{
        "PinID":1471391493,
        "PinOwnerID":1586602937
      },
      "ConnectionType":0,
      "ConnectedWireIndex":-1,
      "ConnectedWireSegmentIndex":-1,
      "Points":[{"x":0.0,"y":0.0},{"x":0.0,"y":0.0}]
    },
    {
      "SourcePinAddress":{
        "PinID":136425010,
        "PinOwnerID":1816438376
      },
      "TargetPinAddress":{
        "PinID":417675589,
        "PinOwnerID":1586602937
      },
      "ConnectionType":0,
      "ConnectedWireIndex":-1,
      "ConnectedWireSegmentIndex":-1,
      "Points":[{"x":0.0,"y":0.0},{"x":0.0,"y":0.0}]
    },
    {
      "SourcePinAddress":{
        "PinID":308917370,
        "PinOwnerID":1586602937
      },
      "TargetPinAddress":{
        "PinID":1048121310,
        "PinOwnerID":1667768523
      },
      "ConnectionType":0,
      "ConnectedWireIndex":-1,
      "ConnectedWireSegmentIndex":-1,
      "Points":[{"x":0.0,"y":0.0},{"x":0.0,"y":0.0}]
    },
    {
      "SourcePinAddress":{
        "PinID":136425010,
        "PinOwnerID":1667768523
      },
      "TargetPinAddress":{
        "PinID":0,
        "PinOwnerID":1502866720
      },
      "ConnectionType":0,
      "ConnectedWireIndex":-1,
      "ConnectedWireSegmentIndex":-1,
      "Points":[{"x":0.0,"y":0.0},{"x":0.0,"y":0.0}]
    }
  ],
  "Displays": null
}