{
  "DLSVersion": "2.1.6",
  "Name": "SOMA 4",
  "NameLocation": 0,
  "ChipType": 0,
  "Size": {
    "x": 1.025,
    "y": 0.75
  },
  "Colour": {
    "r": 0.210078478,
    "g": 0.222858638,
    "b": 0.270976484,
    "a": 1
  },
  "InputPins":[
    {
      "Name":"IN",
      "ID":740878007,
      "Position":{
        "x":-7.93056,
        "y":1.46528
      },
      "BitCount":4,
      "Colour":0,
      "ValueDisplayMode":0
    },
    {
      "Name":"IN",
      "ID":232632998,
      "Position":{
        "x":-7.90629,
        "y":0.4269
      },
      "BitCount":4,
      "Colour":0,
      "ValueDisplayMode":0
    }
  ],
  "OutputPins":[
    {
      "Name":"OUT",
      "ID":567120355,
      "Position":{
        "x":11.22751,
        "y":1.68218
      },
      "BitCount":4,
      "Colour":0,
      "ValueDisplayMode":0
    },
    {
      "Name":"OUT",
      "ID":1366565404,
      "Position":{
        "x":11.38678,
        "y":-1.61907
      },
      "BitCount":1,
      "Colour":0,
      "ValueDisplayMode":0
    }
  ],
  "SubChips":[
    {
      "Name":"1-4BIT",
      "ID":2057975468,
      "Label":"",
      "Position":{
        "x":9.0161,
        "y":2.92146
      },
      "OutputPinColourInfo":[{"PinColour":0,"PinID":4}],
      "InternalData":null
    },
    {
      "Name":"4-1BIT",
      "ID":337199333,
      "Label":"",
      "Position":{
        "x":-5.16382,
        "y":3.7381
      },
      "OutputPinColourInfo":[{"PinColour":0,"PinID":1},{"PinColour":1,"PinID":2},{"PinColour":2,"PinID":3},{"PinColour":3,"PinID":4}],
      "InternalData":null
    },
    {
      "Name":"4-1BIT",
      "ID":1170915529,
      "Label":"",
      "Position":{
        "x":-5.53951,
        "y":-1.70911
      },
      "OutputPinColourInfo":[{"PinColour":0,"PinID":1},{"PinColour":1,"PinID":2},{"PinColour":2,"PinID":3},{"PinColour":3,"PinID":4}],
      "InternalData":null
    },
    {
      "Name":"half-adder",
      "ID":1752092777,
      "Label":"CASA 1",
      "Position":{
        "x":-1.9295,
        "y":2.42451
      },
      "OutputPinColourInfo":[{"PinColour":3,"PinID":898152696},{"PinColour":7,"PinID":1055666481}],
      "InternalData":null
    },
    {
      "Name":"full-adder",
      "ID":638693262,
      "Label":"CASA 2",
      "Position":{
        "x":0.8253,
        "y":1.25
      },
      "OutputPinColourInfo":[{"PinColour":2,"PinID":124597409},{"PinColour":7,"PinID":1170738139}],
      "InternalData":null
    },
    {
      "Name":"full-adder",
      "ID":907072094,
      "Label":"CASA 3",
      "Position":{
        "x":3.64759,
        "y":-0.07257
      },
      "OutputPinColourInfo":[{"PinColour":1,"PinID":124597409},{"PinColour":7,"PinID":1170738139}],
      "InternalData":null
    },
    {
      "Name":"full-adder",
      "ID":1749425982,
      "Label":"CASA 4",
      "Position":{
        "x":6.45252,
        "y":-1.36059
      },
      "OutputPinColourInfo":[{"PinColour":4,"PinID":124597409},{"PinColour":7,"PinID":1170738139}],
      "InternalData":null
    }
  ],
  "Wires":[
    {
      "SourcePinAddress":{
        "PinID":4,
        "PinOwnerID":2057975468
      },
      "TargetPinAddress":{
        "PinID":0,
        "PinOwnerID":567120355
      },
      "ConnectionType":0,
      "ConnectedWireIndex":-1,
      "ConnectedWireSegmentIndex":-1,
      "Points":[{"x":0.0,"y":0.0},{"x":0.0,"y":0.0}]
    },
    {
      "SourcePinAddress":{
        "PinID":0,
        "PinOwnerID":232632998
      },
      "TargetPinAddress":{
        "PinID":0,
        "PinOwnerID":1170915529
      },
      "ConnectionType":0,
      "ConnectedWireIndex":-1,
      "ConnectedWireSegmentIndex":-1,
      "Points":[{"x":0.0,"y":0.0},{"x":0.0,"y":0.0}]
    },
    {
      "SourcePinAddress":{
        "PinID":0,
        "PinOwnerID":740878007
      },
      "TargetPinAddress":{
        "PinID":0,
        "PinOwnerID":337199333
      },
      "ConnectionType":0,
      "ConnectedWireIndex":-1,
      "ConnectedWireSegmentIndex":-1,
      "Points":[{"x":0.0,"y":0.0},{"x":0.0,"y":0.0}]
    },
    {
      "SourcePinAddress":{
        "PinID":1170738139,
        "PinOwnerID":1749425982
      },
      "TargetPinAddress":{
        "PinID":0,
        "PinOwnerID":1366565404
      },
      "ConnectionType":0,
      "ConnectedWireIndex":-1,
      "ConnectedWireSegmentIndex":-1,
      "Points":[{"x":0.0,"y":0.0},{"x":0.0,"y":0.0}]
    },
    {
      "SourcePinAddress":{
        "PinID":4,
        "PinOwnerID":337199333
      },
      "TargetPinAddress":{
        "PinID":1879928163,
        "PinOwnerID":1752092777
      },
      "ConnectionType":0,
      "ConnectedWireIndex":-1,
      "ConnectedWireSegmentIndex":-1,
      "Points":[{"x":0.0,"y":0.0},{"x":-3.61587,"y":3.36068},{"x":-3.61587,"y":2.59191},{"x":0.0,"y":0.0}]
    },
    {
      "SourcePinAddress":{
        "PinID":4,
        "PinOwnerID":1170915529
      },
      "TargetPinAddress":{
        "PinID":2050209378,
        "PinOwnerID":1752092777
      },
      "ConnectionType":0,
      "ConnectedWireIndex":-1,
      "ConnectedWireSegmentIndex":-1,
      "Points":[{"x":0.0,"y":0.0},{"x":-3.57345,"y":-2.07371},{"x":-3.62117,"y":2.2632},{"x":0.0,"y":0.0}]
    },
    {
      "SourcePinAddress":{
        "PinID":898152696,
        "PinOwnerID":1752092777
      },
      "TargetPinAddress":{
        "PinID":3,
        "PinOwnerID":2057975468
      },
      "ConnectionType":0,
      "ConnectedWireIndex":-1,
      "ConnectedWireSegmentIndex":-1,
      "Points":[{"x":0.0,"y":0.0},{"x":0.0,"y":0.0}]
    },
    {
      "SourcePinAddress":{
        "PinID":1055666481,
        "PinOwnerID":1752092777
      },
      "TargetPinAddress":{
        "PinID":387283015,
        "PinOwnerID":638693262
      },
      "ConnectionType":0,
      "ConnectedWireIndex":-1,
      "ConnectedWireSegmentIndex":-1,
      "Points":[{"x":0.0,"y":0.0},{"x":-0.23859,"y":2.23669},{"x":-0.24389,"y":1.01726},{"x":0.0,"y":0.0}]
    },
    {
      "SourcePinAddress":{
        "PinID":1170738139,
        "PinOwnerID":638693262
      },
      "TargetPinAddress":{
        "PinID":387283015,
        "PinOwnerID":907072094
      },
      "ConnectionType":0,
      "ConnectedWireIndex":-1,
      "ConnectedWireSegmentIndex":-1,
      "Points":[{"x":0.0,"y":0.0},{"x":2.41764,"y":0.97485},{"x":2.40174,"y":-0.34531},{"x":0.0,"y":0.0}]
    },
    {
      "SourcePinAddress":{
        "PinID":124597409,
        "PinOwnerID":1749425982
      },
      "TargetPinAddress":{
        "PinID":0,
        "PinOwnerID":2057975468
      },
      "ConnectionType":0,
      "ConnectedWireIndex":-1,
      "ConnectedWireSegmentIndex":-1,
      "Points":[{"x":0.0,"y":0.0},{"x":7.96338,"y":-1.22542},{"x":7.94747,"y":3.30766},{"x":0.0,"y":0.0}]
    },
    {
      "SourcePinAddress":{
        "PinID":124597409,
        "PinOwnerID":907072094
      },
      "TargetPinAddress":{
        "PinID":1,
        "PinOwnerID":2057975468
      },
      "ConnectionType":0,
      "ConnectedWireIndex":-1,
      "ConnectedWireSegmentIndex":-1,
      "Points":[{"x":0.0,"y":0.0},{"x":7.73009,"y":0.09474},{"x":7.71419,"y":3.04257},{"x":0.0,"y":0.0}]
    },
    {
      "SourcePinAddress":{
        "PinID":124597409,
        "PinOwnerID":638693262
      },
      "TargetPinAddress":{
        "PinID":2,
        "PinOwnerID":2057975468
      },
      "ConnectionType":0,
      "ConnectedWireIndex":-1,
      "ConnectedWireSegmentIndex":-1,
      "Points":[{"x":0.0,"y":0.0},{"x":7.49151,"y":1.53154},{"x":7.50212,"y":2.77218},{"x":0.0,"y":0.0}]
    },
    {
      "SourcePinAddress":{
        "PinID":3,
        "PinOwnerID":337199333
      },
      "TargetPinAddress":{
        "PinID":5028562,
        "PinOwnerID":638693262
      },
      "ConnectionType":0,
      "ConnectedWireIndex":-1,
      "ConnectedWireSegmentIndex":-1,
      "Points":[{"x":0.0,"y":0.0},{"x":-3.48332,"y":3.59396},{"x":-3.4303,"y":1.52624},{"x":0.0,"y":0.0}]
    },
    {
      "SourcePinAddress":{
        "PinID":3,
        "PinOwnerID":1170915529
      },
      "TargetPinAddress":{
        "PinID":1753860959,
        "PinOwnerID":638693262
      },
      "ConnectionType":0,
      "ConnectedWireIndex":-1,
      "ConnectedWireSegmentIndex":-1,
      "Points":[{"x":0.0,"y":0.0},{"x":-3.33487,"y":-1.80862},{"x":-3.37728,"y":1.31947},{"x":0.0,"y":0.0}]
    },
    {
      "SourcePinAddress":{
        "PinID":2,
        "PinOwnerID":337199333
      },
      "TargetPinAddress":{
        "PinID":5028562,
        "PinOwnerID":907072094
      },
      "ConnectionType":0,
      "ConnectedWireIndex":-1,
      "ConnectedWireSegmentIndex":-1,
      "Points":[{"x":0.0,"y":0.0},{"x":-3.13799,"y":3.84692},{"x":-3.0694,"y":0.13153},{"x":0.0,"y":0.0}]
    },
    {
      "SourcePinAddress":{
        "PinID":2,
        "PinOwnerID":1170915529
      },
      "TargetPinAddress":{
        "PinID":1753860959,
        "PinOwnerID":907072094
      },
      "ConnectionType":0,
      "ConnectedWireIndex":-1,
      "ConnectedWireSegmentIndex":-1,
      "Points":[{"x":0.0,"y":0.0},{"x":-3.05387,"y":-1.50642},{"x":-3.08568,"y":-0.15444},{"x":0.0,"y":0.0}]
    },
    {
      "SourcePinAddress":{
        "PinID":1,
        "PinOwnerID":1170915529
      },
      "TargetPinAddress":{
        "PinID":1753860959,
        "PinOwnerID":1749425982
      },
      "ConnectionType":0,
      "ConnectedWireIndex":-1,
      "ConnectedWireSegmentIndex":-1,
      "Points":[{"x":0.0,"y":0.0},{"x":0.0,"y":0.0}]
    },
    {
      "SourcePinAddress":{
        "PinID":1,
        "PinOwnerID":337199333
      },
      "TargetPinAddress":{
        "PinID":5028562,
        "PinOwnerID":1749425982
      },
      "ConnectionType":0,
      "ConnectedWireIndex":-1,
      "ConnectedWireSegmentIndex":-1,
      "Points":[{"x":0.0,"y":0.0},{"x":-2.99509,"y":4.127},{"x":-2.91072,"y":-1.10878},{"x":0.0,"y":0.0}]
    },
    {
      "SourcePinAddress":{
        "PinID":1170738139,
        "PinOwnerID":907072094
      },
      "TargetPinAddress":{
        "PinID":387283015,
        "PinOwnerID":1749425982
      },
      "ConnectionType":0,
      "ConnectedWireIndex":-1,
      "ConnectedWireSegmentIndex":-1,
      "Points":[{"x":0.0,"y":0.0},{"x":5.01555,"y":-0.36652},{"x":5.02085,"y":-1.62306},{"x":0.0,"y":0.0}]
    }
  ],
  "Displays": null
}