{
  "DLSVersion": "2.1.6",
  "Name": "XOR",
  "NameLocation": 0,
  "ChipType": 0,
  "Size": {
    "x": 0.575,
    "y": 0.5
  },
  "Colour": {
    "r": 0.5494326,
    "g": 0.423261076,
    "b": 0.55661577,
    "a": 1
  },
  "InputPins":[
    {
      "Name":"A",
      "ID":1829039553,
      "Position":{
        "x":-6.71528,
        "y":2.20139
      },
      "BitCount":1,
      "Colour":0,
      "ValueDisplayMode":0
    },
    {
      "Name":"B",
      "ID":1259197630,
      "Position":{
        "x":-6.66667,
        "y":-1.09833
      },
      "BitCount":1,
      "Colour":0,
      "ValueDisplayMode":0
    }
  ],
  "OutputPins":[
    {
      "Name":"OUT",
      "ID":189999151,
      "Position":{
        "x":3.22222,
        "y":0.30333
      },
      "BitCount":1,
      "Colour":0,
      "ValueDisplayMode":0
    }
  ],
  "SubChips":[
    {
      "Name":"NOT",
      "ID":1112993128,
      "Label":"",
      "Position":{
        "x":-3.69444,
        "y":0.95833
      },
      "OutputPinColourInfo":[{"PinColour":0,"PinID":136425010}],
      "InternalData":null
    },
    {
      "Name":"NOT",
      "ID":1866782363,
      "Label":"",
      "Position":{
        "x":-3.49306,
        "y":-0.22917
      },
      "OutputPinColourInfo":[{"PinColour":0,"PinID":136425010}],
      "InternalData":null
    },
    {
      "Name":"OR",
      "ID":1926465974,
      "Label":"",
      "Position":{
        "x":0.39583,
        "y":0.27778
      },
      "OutputPinColourInfo":[{"PinColour":0,"PinID":1502866720}],
      "InternalData":null
    },
    {
      "Name":"AND",
      "ID":1549328923,
      "Label":"",
      "Position":{
        "x":-1.48611,
        "y":1.95833
      },
      "OutputPinColourInfo":[{"PinColour":0,"PinID":308917370}],
      "InternalData":null
    },
    {
      "Name":"AND",
      "ID":1304420159,
      "Label":"",
      "Position":{
        "x":-1.29167,
        "y":-0.95833
      },
      "OutputPinColourInfo":[{"PinColour":0,"PinID":308917370}],
      "InternalData":null
    }
  ],
  "Wires":[
    {
      "SourcePinAddress":{
        "PinID":0,
        "PinOwnerID":1829039553
      },
      "TargetPinAddress":{
        "PinID":1048121310,
        "PinOwnerID":1112993128
      },
      "ConnectionType":0,
      "ConnectedWireIndex":-1,
      "ConnectedWireSegmentIndex":-1,
      "Points":[{"x":0.0,"y":0.0},{"x":0.0,"y":0.0}]
    },
    {
      "SourcePinAddress":{
        "PinID":0,
        "PinOwnerID":1259197630
      },
      "TargetPinAddress":{
        "PinID":1048121310,
        "PinOwnerID":1866782363
      },
      "ConnectionType":0,
      "ConnectedWireIndex":-1,
      "ConnectedWireSegmentIndex":-1,
      "Points":[{"x":0.0,"y":0.0},{"x":0.0,"y":0.0}]
    },
    {
      "SourcePinAddress":{
        "PinID":0,
        "PinOwnerID":1829039553
      },
      "TargetPinAddress":{
        "PinID":1471391493,
        "PinOwnerID":1549328923
      },
      "ConnectionType":0,
      "ConnectedWireIndex":-1,
      "ConnectedWireSegmentIndex":-1,
      "Points":[{"x":0.0,"y":0.0},{"x":0.0,"y":0.0}]
    },
    {
      "SourcePinAddress":{
        "PinID":0,
        "PinOwnerID":1259197630
      },
      "TargetPinAddress":{
        "PinID":417675589,
        "PinOwnerID":1304420159
      },
      "ConnectionType":0,
      "ConnectedWireIndex":-1,
      "ConnectedWireSegmentIndex":-1,
      "Points":[{"x":0.0,"y":0.0},{"x":0.0,"y":0.0}]
    },
    {
      "SourcePinAddress":{
        "PinID":308917370,
        "PinOwnerID":1304420159
      },
      "TargetPinAddress":{
        "PinID":416398983,
        "PinOwnerID":1926465974
      },
      "ConnectionType":0,
      "ConnectedWireIndex":-1,
      "ConnectedWireSegmentIndex":-1,
      "Points":[{"x":0.0,"y":0.0},{"x":0.0,"y":0.0}]
    },
    {
      "SourcePinAddress":{
        "PinID":308917370,
        "PinOwnerID":1549328923
      },
      "TargetPinAddress":{
        "PinID":2115734901,
        "PinOwnerID":1926465974
      },
      "ConnectionType":0,
      "ConnectedWireIndex":-1,
      "ConnectedWireSegmentIndex":-1,
      "Points":[{"x":0.0,"y":0.0},{"x":0.0,"y":0.0}]
    },
    {
      "SourcePinAddress":{
        "PinID":1502866720,
        "PinOwnerID":1926465974
      },
      "TargetPinAddress":{
        "PinID":0,
        "PinOwnerID":189999151
      },
      "ConnectionType":0,
      "ConnectedWireIndex":-1,
      "ConnectedWireSegmentIndex":-1,
      "Points":[{"x":0.0,"y":0.0},{"x":0.0,"y":0.0}]
    },
    {
      "SourcePinAddress":{
        "PinID":136425010,
        "PinOwnerID":1112993128
      },
      "TargetPinAddress":{
        "PinID":1471391493,
        "PinOwnerID":1304420159
      },
      "ConnectionType":0,
      "ConnectedWireIndex":-1,
      "ConnectedWireSegmentIndex":-1,
      "Points":[{"x":0.0,"y":0.0},{"x":0.0,"y":0.0}]
    },
    {
      "SourcePinAddress":{
        "PinID":136425010,
        "PinOwnerID":1866782363
      },
      "TargetPinAddress":{
        "PinID":417675589,
        "PinOwnerID":1549328923
      },
      "ConnectionType":0,
      "ConnectedWireIndex":-1,
      "ConnectedWireSegmentIndex":-1,
      "Points":[{"x":0.0,"y":0.0},{"x":0.0,"y":0.0}]
    }
  ],
  "Displays": null
}